"Refid","Author","Title","User","Level","clinconfound","clinconcomment","clinselect","clinselcomment","clinclass","clinclacomment","clindev","clindevcomment","clinmiss","clinmiscomment","clinmeasure","clinmeacomment","clinreport","clinrepcomment","clinoverall","clinallcomment"
22,"Konishi, Y., Evered, L. A., Scott, D. A., Silbert, B. S.","Postoperative cognitive dysfunction after sevoflurane or propofol general anaesthesia in combination with spinal anaesthesia for hip arthroplasty",Madhulika_Agarkar,4,Serious,,Low,,Low,,Low,,Low,,Low,,Low,,Serious,
22,"Konishi, Y., Evered, L. A., Scott, D. A., Silbert, B. S.","Postoperative cognitive dysfunction after sevoflurane or propofol general anaesthesia in combination with spinal anaesthesia for hip arthroplasty",Anne_Marbella,4,Serious,"anesthetist decided on whether TIVA or inhaled was used - no explanation of how anesthetist decided",Low,,Low,,Low,,Low,,Low,MMSE,Low,,Serious,
103,"Chuich, T., Cropsey, C. L., Shi, Y., Johnson, D., Shotwell, M. S., Henson, C. P.","Perioperative Sedation in Mechanically Ventilated Cardiac Surgery Patients With Dexmedetomidine-Based Versus Propofol-Based Regimens",Madhulika_Agarkar,4,Moderate,,Low,,Moderate,,"No information",,Serious,,Low,,Low,,Serious,
103,"Chuich, T., Cropsey, C. L., Shi, Y., Johnson, D., Shotwell, M. S., Henson, C. P.","Perioperative Sedation in Mechanically Ventilated Cardiac Surgery Patients With Dexmedetomidine-Based Versus Propofol-Based Regimens",Anne_Marbella,4,Moderate,"calculated adjusted odds ratios",Low,,Moderate,,"No information",,Serious,"CAM-ICU ""not documented accurately in all patients on chart review"" - missing in 28 control charts (13%)",Low,,Low,,Serious,
118,"Mueller, A., Spies, C. D., Eckardt, R., Weiss, B., Pohrt, A., Wernecke, K. D., Schmidt, M.","Anticholinergic burden of long-term medication is an independent risk factor for the development of postoperative delirium: A clinical trial",Madhulika_Agarkar,4,Critical,,Low,,Moderate,,"No information",,Low,,Low,,Low,,Critical,"Secondary analysis of a RCT."
118,"Mueller, A., Spies, C. D., Eckardt, R., Weiss, B., Pohrt, A., Wernecke, K. D., Schmidt, M.","Anticholinergic burden of long-term medication is an independent risk factor for the development of postoperative delirium: A clinical trial",Anne_Marbella,4,Critical,"no adjustment for age and age was significantly different in delirium groups",Low,,Moderate,,"No information",,Low,"40/651 (6%) missing for midazolam; 1/651 (0.1%) missing for haloperidol",Low,CAM,Low,,Critical,
120,"Xie, S., Xie, M.","Effect of dexmedetomidine on postoperative delirium in elderly patients undergoing hip fracture surgery",Madhulika_Agarkar,4,Moderate,,Low,,Low,,"No information",,Low,,Moderate,,Low,,Moderate,
120,"Xie, S., Xie, M.","Effect of dexmedetomidine on postoperative delirium in elderly patients undergoing hip fracture surgery",Anne_Marbella,4,Moderate,"no details on how pts were chosen for intervention or placebo",Low,,Low,,"No information",,Low,,Moderate,"no information if assessors were blinded or who did assessments",Low,,Moderate,
132,"Oh, T. K., Kim, J., Han, S., Kim, K., Jheon, S., Ji, E.","Effect of sevoflurane-based or propofol-based anaesthesia on the incidence of postoperative acute kidney injury: A retrospective propensity score-matched analysis",Madhulika_Agarkar,4,Moderate,,Low,,Low,,Low,,Low,,Low,,Low,,Moderate,
132,"Oh, T. K., Kim, J., Han, S., Kim, K., Jheon, S., Ji, E.","Effect of sevoflurane-based or propofol-based anaesthesia on the incidence of postoperative acute kidney injury: A retrospective propensity score-matched analysis",Anne_Marbella,4,Moderate,"propensity score matching",Low,,Low,,"No information",,Low,,Low,,Low,,Moderate,
149,"Indrakusuma, R., Dunker, M. S., Peetoom, J. J., Schreurs, W. H.","Evaluation of preoperative geriatric assessment of elderly patients with colorectal carcinoma. A retrospective study",Madhulika_Agarkar,4,Moderate,,Low,,Low,,Low,,Low,,Low,,Low,,Moderate,
149,"Indrakusuma, R., Dunker, M. S., Peetoom, J. J., Schreurs, W. H.","Evaluation of preoperative geriatric assessment of elderly patients with colorectal carcinoma. A retrospective study",Anne_Marbella,4,Moderate,"intervention group had higher rate of history of delirium; match-control analysis showed history of delirium not predictive for postop delirium",Low,,Low,,Low,,Low,,Low,"Geriatrician clinical assessment if DOS ≥3 as assessed by nurse",Low,,Moderate,"intervention group had higher rate of history of delirium - cohort analysis showed history of delirium related to postop delirium, but matched analysis showed history of delirium not predictive of postop delirium"
155,"Deiner, S., Luo, X., Silverstein, J. H., Sano, M.","Can Intraoperative Processed EEG Predict Postoperative Cognitive Dysfunction in the Elderly?",Madhulika_Agarkar,4,Serious,,Low,,Low,,Low,,Low,,Low,,Low,,Serious,
155,"Deiner, S., Luo, X., Silverstein, J. H., Sano, M.","Can Intraoperative Processed EEG Predict Postoperative Cognitive Dysfunction in the Elderly?",Anne_Marbella,4,Serious,"anesthesia team  chose inhaled or TIVA ""based on requirements for the procedure""",Low,,Low,,Low,,Low,,Low,,Low,,Serious,
234,"Jakobsen, C. J., Berg, H., Hindsholm, K. B., Faddy, N., Sloth, E.","The influence of propofol versus sevoflurane anesthesia on outcome in 10,535 cardiac surgical procedures",Madhulika_Agarkar,4,Moderate,"registry data",Low,,Low,,Low,,Low,,Low,,Low,,Moderate,
234,"Jakobsen, C. J., Berg, H., Hindsholm, K. B., Faddy, N., Sloth, E.","The influence of propofol versus sevoflurane anesthesia on outcome in 10,535 cardiac surgical procedures",Anne_Marbella,4,Moderate,"3 centers - 1 administered propofol and 2 administered sevoflurane",Low,,Low,,Low,,Low,,Low,"complications and mortality",Low,,Moderate,
332,"Goins, A. E., Smeltz, A., Ramm, C., Strassle, P. D., Teeter, E. G., Vavalle, J. P., Kolarczyk, L.","General Anesthesia for Transcatheter Aortic Valve Replacement: Total Intravenous Anesthesia is Associated with Less Delirium as Compared to Volatile Agent Technique",Madhulika_Agarkar,4,Serious,"30% of pts in TIVA group and 6% in volatile group had a history of cognitive impairment",Low,,Low,,Low,,Low,,Low,,Low,,Serious,
332,"Goins, A. E., Smeltz, A., Ramm, C., Strassle, P. D., Teeter, E. G., Vavalle, J. P., Kolarczyk, L.","General Anesthesia for Transcatheter Aortic Valve Replacement: Total Intravenous Anesthesia is Associated with Less Delirium as Compared to Volatile Agent Technique",Stephanie_Ramirez,4,Serious,"Note in the baseline characteristics TIVA had a larger percentage of participants with a history of cognitive impairment.",Low,"All adult patients who underwent transcatheter aortic valve replacement under general anesthesia.",Low,"Main anesthetic agent.",Low,,Low,,Low,"Incidence of postop delirium and length of stay.  Delirium assessed with CAM or documentation reported by the care team.",Low,,Serious,
383,"Kishimoto, M., Yamana, H., Inoue, S., Noda, T., Akahane, M., Inagaki, Y., Matsui, H., Yasunaga, H., Kawaguchi, M., Imamura, T.","Suspected periprosthetic joint infection after total knee arthroplasty under propofol versus sevoflurane anesthesia: a retrospective cohort study",Madhulika_Agarkar,4,Moderate,"registry data with propensity score matching",Low,,Low,,Low,,Low,,Low,,Low,,Moderate,
383,"Kishimoto, M., Yamana, H., Inoue, S., Noda, T., Akahane, M., Inagaki, Y., Matsui, H., Yasunaga, H., Kawaguchi, M., Imamura, T.","Suspected periprosthetic joint infection after total knee arthroplasty under propofol versus sevoflurane anesthesia: a retrospective cohort study",Stephanie_Ramirez,4,Moderate,"Propensity score matching used",Low,,Low,"Main anesthetic agent.",Low,,Low,"Any participants with missing data were initially excluded.",Low,"Primary outcome was periprosthetic join infection.  Suspected periprosthetic joint infection was surrogate defined as the need for arthrocentesis or debridement within 30 days of surgery.",Low,,Moderate,
693,"Hokuto, D., Nomi, T., Yoshikawa, T., Matsuo, Y., Kamitani, N., Sho, M.","Preventative effects of ramelteon against postoperative delirium after elective liver resection",Anne_Marbella,4,Serious,,Low,,Low,,Low,,Low,,Low,,Low,,Serious,
693,"Hokuto, D., Nomi, T., Yoshikawa, T., Matsuo, Y., Kamitani, N., Sho, M.","Preventative effects of ramelteon against postoperative delirium after elective liver resection",Stephanie_Ramirez,4,Serious,"No statistical assessment to take into account confounding",Low,"The only exclusion were patients who underwent biliary reconstruction or developed ileus due to them not being able to take ramelteon on POD 1. But they were excluded for both groups.",Low,"Intervention was the administration of ramelteon. Outcome was clinical.",Low,"Control group was retrospective and medical charts were used to verify they did not receive ramelteon. Patients after 2017 were prospectively administered ramelteon.",Low,,Low,"Delirium is a clinical outcome. Participants evaluated twice daily. Diagnosis with DSM-5. Same methods used to asses delirium.",Low,"Univariate analysis and single measurement of the outcome.",Serious,
750,"Van Grootven, B., Detroyer, E., Devriendt, E., Sermon, A., Deschodt, M., Flamaing, J., Dubois, C., Milisen, K.","Is preoperative state anxiety a risk factor for postoperative delirium among elderly hip fracture patients?",Anne_Marbella,4,Serious,"secondary analysis of consecutively admitted pts for hip fracture",Low,,Low,,"No information",,Low,,Low,,Low,,Serious,
750,"Van Grootven, B., Detroyer, E., Devriendt, E., Sermon, A., Deschodt, M., Flamaing, J., Dubois, C., Milisen, K.","Is preoperative state anxiety a risk factor for postoperative delirium among elderly hip fracture patients?",Stephanie_Ramirez,4,Serious,,Low,,Low,,"No information",,Low,,Low,CAM,Low,,Serious,
1134,"Park, J., Lee, S. H., Lee, J. H., Min, J. J., Kwon, J. H., Oh, A. R., Carriere, K., Ahn, J.","Volatile versus total intravenous anesthesia for 30-day mortality following non-cardiac surgery in patients with preoperative myocardial injury",Madhulika_Agarkar,4,Moderate,,Low,,Low,,Low,,Low,,Low,,Low,,Moderate,
1134,"Park, J., Lee, S. H., Lee, J. H., Min, J. J., Kwon, J. H., Oh, A. R., Carriere, K., Ahn, J.","Volatile versus total intravenous anesthesia for 30-day mortality following non-cardiac surgery in patients with preoperative myocardial injury",Stephanie_Ramirez,4,Moderate,"Propensity-score matching used",Low,"All adult patients who underwent non-cardiac surgery were included (only exclusion was for those with normal preoperative cardiac troponin level or perioperative cardiopulmonary resuscitation).",Low,"Anesthetic agent used in patients with preoperative myocardial injury defined by the cardiac troponin elevation.",Low,,Low,"All included participants were analyzed.",Low,"Primary outcome is 30-day mortality.  Data was collected by two independent blinded researchers.",Low,,Moderate,
1140,"Juliebø, V., Bjøro, K., Krogseth, M., Skovlund, E., Ranhoff, A. H., Wyller, T. B.","Risk factors for preoperative and postoperative delirium in elderly patients with hip fracture",Madhulika_Agarkar,4,Critical,,Moderate,,Low,,"No information",,Low,,Low,,Low,,Critical,
1140,"Juliebø, V., Bjøro, K., Krogseth, M., Skovlund, E., Ranhoff, A. H., Wyller, T. B.","Risk factors for preoperative and postoperative delirium in elderly patients with hip fracture",Stephanie_Ramirez,4,Critical,"This was a prospective cohort study",Moderate,,Low,,"No information",,Low,,Low,"CAM was used to assess for deliirum",Low,,Critical,
1189,"Adogwa, O., Elsamadicy, A. A., Vuong, V. D., Moreno, J., Cheng, J., Karikari, I. O., Bagley, C. A.","Geriatric comanagement reduces perioperative complications and shortens duration of hospital stay after lumbar spine surgery: a prospective single-institution experience",Madhulika_Agarkar,4,Serious,,Moderate,"only 25 patient records reviewed pre-intervention and 100 post-intervention",Low,,Low,,Low,,"No information","no scale for delirium  diagnoses",Low,,Serious,
1189,"Adogwa, O., Elsamadicy, A. A., Vuong, V. D., Moreno, J., Cheng, J., Karikari, I. O., Bagley, C. A.","Geriatric comanagement reduces perioperative complications and shortens duration of hospital stay after lumbar spine surgery: a prospective single-institution experience",Anne_Marbella,4,Serious,,Moderate,"uneven numbers",Low,,Low,,Low,,"No information","delirium listed as a complication, no details on how it was determined",Low,,Serious,
1294,"Richter, H. E., Redden, D. T., Duxbury, A. S., Granieri, E. C., Halli, A. D., Goode, P. S.","Pelvic floor surgery in the older woman: enhanced compared with usual preoperative assessment",Madhulika_Agarkar,4,Moderate,,Serious,"the study used a ""convenience sample"" of 60 patients",Low,,Low,,Low,,Low,,Low,,Serious,
1294,"Richter, H. E., Redden, D. T., Duxbury, A. S., Granieri, E. C., Halli, A. D., Goode, P. S.","Pelvic floor surgery in the older woman: enhanced compared with usual preoperative assessment",Anne_Marbella,4,Moderate,"did separate analysis on pts age <75 and >=75",Serious,,Low,,Low,,Low,,Low,,Low,,Serious,
1313,"Hall, D. E., Arya, S., Schmid, K. K., Carlson, M. A., Lavedan, P., Bailey, T. L., Purviance, G., Bockman, T., Lynch, T. G., Johanning, J. M.","Association of a Frailty Screening Initiative With Postoperative Survival at 30, 180, and 365 Days",Madhulika_Agarkar,4,Moderate,,Low,,Low,,Low,,Low,,Low,,Low,,Moderate,
1313,"Hall, D. E., Arya, S., Schmid, K. K., Carlson, M. A., Lavedan, P., Bailey, T. L., Purviance, G., Bockman, T., Lynch, T. G., Johanning, J. M.","Association of a Frailty Screening Initiative With Postoperative Survival at 30, 180, and 365 Days",Anne_Marbella,4,Moderate,"larger proportion of COPD and CHF in control grp (outcome - mortality)",Low,,Low,,Low,,Low,,Low,,Low,,Moderate,
1332,"Wang, M. L., Min, J., Sands, L. P., Leung, J. M.","Midazolam Premedication Immediately Before Surgery Is Not Associated With Early Postoperative Delirium",Madhulika_Agarkar,4,Moderate,,Low,,Serious,,"No information",,Low,,Low,,Low,,Serious,
1332,"Wang, M. L., Min, J., Sands, L. P., Leung, J. M.","Midazolam Premedication Immediately Before Surgery Is Not Associated With Early Postoperative Delirium",Anne_Marbella,4,Moderate,"use of midazolam was not standardized, determined by anesthesiologist",Low,"same inclusion criteria from the 3 studies",Serious,"discretion of anesthesiologists","No information",,Low,,Low,,Low,,Serious,
2108,"Braude, P., Goodman, A., Elias, T., Babic-Illman, G., Challacombe, B., Harari, D., Dhesi, J. K.","Evaluation and establishment of a ward-based geriatric liaison service for older urological surgical patients: Proactive care of Older People undergoing Surgery (POPS)-Urology",Madhulika_Agarkar,4,Moderate,,Low,,Low,,Low,"9% attrition rate",Low,,Low,,Low,,Moderate,
2108,"Braude, P., Goodman, A., Elias, T., Babic-Illman, G., Challacombe, B., Harari, D., Dhesi, J. K.","Evaluation and establishment of a ward-based geriatric liaison service for older urological surgical patients: Proactive care of Older People undergoing Surgery (POPS)-Urology",Anne_Marbella,4,Moderate,"missing data on complexity of procedure (27/242 (11%) - data imputed under an assumption of missing at random",Low,"all surgical patients from May 2007 and May 2008 included",Low,,Low,,Low,,Low,,Low,,Moderate,
2517,"Cheng, H., Li, Z., Young, N., Boyd, D., Atkins, Z., Ji, F., Liu, H.","The Effect of Dexmedetomidine on Outcomes of Cardiac Surgery in Elderly Patients",Madhulika_Agarkar,4,Serious,,Low,,Moderate,,"No information",,Low,,Serious,"clinical signs",Low,,Serious,
2517,"Cheng, H., Li, Z., Young, N., Boyd, D., Atkins, Z., Ji, F., Liu, H.","The Effect of Dexmedetomidine on Outcomes of Cardiac Surgery in Elderly Patients",Anne_Marbella,4,Serious,"no details on how patients were chosen for dexmedetomidine vs saline groups",Low,,Moderate,,"No information",,Low,,Serious,"clinical symptoms - illusions, confusion, cerebral excitement",Low,,Serious,
2736,"Ernst, K. F., Hall, D. E., Schmid, K. K., Seever, G., Lavedan, P., Lynch, T. G., Johanning, J. M.","Surgical palliative care consultations over time in relationship to systemwide frailty screening",Madhulika_Agarkar,4,Moderate,,Low,,Low,,Low,,Low,,Low,,Low,,Moderate,
2736,"Ernst, K. F., Hall, D. E., Schmid, K. K., Seever, G., Lavedan, P., Lynch, T. G., Johanning, J. M.","Surgical palliative care consultations over time in relationship to systemwide frailty screening",Anne_Marbella,4,Moderate,"performed logistic regression with predictor variables",Low,,Low,,Low,,Low,,Low,,Low,,Moderate,
2985,"Pipanmekaporn, T., Punjasawadwong, Y., Wongpakaran, N., Wongpakaran, T., Suwannachai, K., Chittawatanarat, K., Mueankwan, S.","Risk factors and adverse clinical outcomes of postoperative delirium in Thai elderly patients: A prospective cohort study",Madhulika_Agarkar,4,Critical,,Low,,Low,,"No information",,Low,,Low,,Low,,Critical,
2985,"Pipanmekaporn, T., Punjasawadwong, Y., Wongpakaran, N., Wongpakaran, T., Suwannachai, K., Chittawatanarat, K., Mueankwan, S.","Risk factors and adverse clinical outcomes of postoperative delirium in Thai elderly patients: A prospective cohort study",Anne_Marbella,4,Critical,"did not control for age and age significantly different between the groups",Low,,Low,,"No information",,Low,,Low,CAM,Low,,Critical,
2997,"Miyata, R., Omasa, M., Fujimoto, R., Ishikawa, H., Aoki, M.","Efficacy of Ramelteon for delirium after lung cancer surgery",Madhulika_Agarkar,4,Serious,,Moderate,,Low,,Low,,Low,,Low,,Low,,Serious,
2997,"Miyata, R., Omasa, M., Fujimoto, R., Ishikawa, H., Aoki, M.","Efficacy of Ramelteon for delirium after lung cancer surgery",Stephanie_Ramirez,4,Serious,"No statistical assessment to take into account confounding",Moderate,"Study also notes that initially their population age was >75 but they lowered it to >70.",Low,"Intervention was the administration of ramelteon. Outcome was clinical.",Low,,Low,,Low,"Delirium measured with ICDSC.",Low,,Serious,
3727,"Mangusan, R. F., Hooper, V., Denslow, S. A., Travis, L.","Outcomes associated with postoperative delirium after cardiac surgery",Madhulika_Agarkar,4,Moderate,,Low,,Moderate,,"No information",,Low,,Serious,"clinical signs noted by nurses, physicians, or midlevel care providers",Low,,Serious,
3727,"Mangusan, R. F., Hooper, V., Denslow, S. A., Travis, L.","Outcomes associated with postoperative delirium after cardiac surgery",Anne_Marbella,4,Moderate,,Low,"all qualified pts within set time period were included",Moderate,"drug information from retrospective chart review","No information",,Low,,Serious,"standard screening tools not available - notes from nurses, physicians, and midlevel providers used",Low,,Serious,
4888,"Weinstein, S. M., Poultsides, L., Baaklini, L. R., Mörwald, E. E., Cozowicz, C., Saleh, J. N., Arrington, M. B., Poeran, J., Zubizarreta, N., Memtsoudis, S. G.","Postoperative delirium in total knee and hip arthroplasty patients: a study of perioperative modifiable risk factors",Madhulika_Agarkar,4,Serious,,Low,,Moderate,,"No information",,Serious,"More than 10% missing drug data",Serious,"ICD-9 codes used; measurement tool unknown",Low,,Serious,
4888,"Weinstein, S. M., Poultsides, L., Baaklini, L. R., Mörwald, E. E., Cozowicz, C., Saleh, J. N., Arrington, M. B., Poeran, J., Zubizarreta, N., Memtsoudis, S. G.","Postoperative delirium in total knee and hip arthroplasty patients: a study of perioperative modifiable risk factors",Stephanie_Ramirez,4,Serious,,Low,,Moderate,,"No information",,Serious,"Greater than 10%",Serious,"ICD-9 Codes used; measurement tool unknown",Low,,Serious,
5052,"Zhang, J., Liu, G., Zhang, F., Fang, H., Zhang, D., Liu, S., Chen, B., Xiao, H.","Analysis of postoperative cognitive dysfunction and influencing factors of dexmedetomidine anesthesia in elderly patients with colorectal cancer",Madhulika_Agarkar,4,Moderate,,Low,,Serious,"not clear why patients were given dex or placebo",Low,,Low,,Low,,Low,,Serious,
5052,"Zhang, J., Liu, G., Zhang, F., Fang, H., Zhang, D., Liu, S., Chen, B., Xiao, H.","Analysis of postoperative cognitive dysfunction and influencing factors of dexmedetomidine anesthesia in elderly patients with colorectal cancer",Anne_Marbella,4,Moderate,"no mention of how patients were assigned to dexmedetomidine vs saline grps",Low,,Serious,"how pts chosen to get dex",Low,,Low,,Low,,Low,,Serious,
5066,"Park, J. W., Kim, E. K., Lee, H. T., Park, S., Do, S. H.","The Effects of Propofol or Dexmedetomidine Sedation on Postoperative Recovery in Elderly Patients Receiving Lower Limb Surgery under Spinal Anesthesia: A Retrospective Propensity Score-Matched Analysis",Madhulika_Agarkar,4,Moderate,,Low,,Moderate,,"No information",,Low,,Low,,Low,,Moderate,
5066,"Park, J. W., Kim, E. K., Lee, H. T., Park, S., Do, S. H.","The Effects of Propofol or Dexmedetomidine Sedation on Postoperative Recovery in Elderly Patients Receiving Lower Limb Surgery under Spinal Anesthesia: A Retrospective Propensity Score-Matched Analysis",Anne_Marbella,4,Moderate,"anesthesiologist discretion on whether propofol or dexmedetomidine was used",Low,,Moderate,,"No information",,Low,,Low,"CAM by psychiatrist",Low,,Moderate,
5163,"Memtsoudis, S., Cozowicz, C., Zubizarreta, N., Weinstein, S. M., Liu, J., Kim, D. H., Poultsides, L., Berger, M. M., Mazumdar, M., Poeran, J.","Risk factors for postoperative delirium in patients undergoing lower extremity joint arthroplasty: a retrospective population-based cohort study",Anne_Marbella,4,Moderate,,Low,,Moderate,,"No information",,Low,,Moderate,"delirium based on ICD-9 codes of prescribed antipsychotics",Low,,Moderate,
5163,"Memtsoudis, S., Cozowicz, C., Zubizarreta, N., Weinstein, S. M., Liu, J., Kim, D. H., Poultsides, L., Berger, M. M., Mazumdar, M., Poeran, J.","Risk factors for postoperative delirium in patients undergoing lower extremity joint arthroplasty: a retrospective population-based cohort study",Stephanie_Ramirez,4,Moderate,"Study notes that according to the a priori established analysis plan, a number of baseline variables were investigated as potential modifiers of outcome.",Low,"Patient data was taken from the nationwide all-payer Premier Healthcare Database.",Low,,Low,,Low,,Moderate,"I am concerned that they used codes for antipsychotics to define delirium.",Low,,Moderate,
5183,"Xu, H. Y., Fu, G. H., Wu, G. S.","Effect of dexmedetomidine-induced anesthesia on the postoperative cognitive function of elder patients after laparoscopic ovarian cystectomy",Madhulika_Agarkar,4,Moderate,,Low,,Low,,Low,,Low,,Low,,Low,,Moderate,
5183,"Xu, H. Y., Fu, G. H., Wu, G. S.","Effect of dexmedetomidine-induced anesthesia on the postoperative cognitive function of elder patients after laparoscopic ovarian cystectomy",Anne_Marbella,4,Moderate,"no details on how pts chosen for dexmedetomidine or placebo grps",Low,,Low,,Low,,Low,,Moderate,"no information on blinding of assessors",Low,,Moderate,
6017,"Souwer, E. T. D., Bastiaannet, E., de Bruijn, S., Breugom, A. J., van den Bos, F., Portielje, J. E. A., Dekker, J. W. T.","Comprehensive multidisciplinary care program for elderly colorectal cancer patients: ""From prehabilitation to independence""",Madhulika_Agarkar,4,Moderate,,Low,,Low,,Low,,Low,,Low,,Low,,Moderate,
6017,"Souwer, E. T. D., Bastiaannet, E., de Bruijn, S., Breugom, A. J., van den Bos, F., Portielje, J. E. A., Dekker, J. W. T.","Comprehensive multidisciplinary care program for elderly colorectal cancer patients: ""From prehabilitation to independence""",Anne_Marbella,4,Moderate,,Low,,Low,,Low,,Low,,Low,,Low,,Moderate,
6840,"Ke, Y., Chew, S., Seet, E., Wong, W. Y., Lim, V., Chua, N., Zhang, J., Lim, B., Chua, V., Loh, N. H. W., Ti, L. K.","Incidence and risk factors of delirium in post-anaesthesia care unit",Madhulika_Agarkar,4,Critical,,Low,,Low,,"No information",,Low,,Low,,Low,,Critical,
6840,"Ke, Y., Chew, S., Seet, E., Wong, W. Y., Lim, V., Chua, N., Zhang, J., Lim, B., Chua, V., Loh, N. H. W., Ti, L. K.","Incidence and risk factors of delirium in post-anaesthesia care unit",Anne_Marbella,4,Critical,"did not control for age and age significantly different in delirium grps",Low,,Low,,"No information",,Low,,Low,Nu-DESC,Low,,Critical,
6964,"Cho, H. B., Kim, M. G., Park, S. Y., Song, S., Jang, Y. S., Park, S., Lee, H. K., Yoo, J. H., Chung, J. W., Kim, S. H.","The influence of propofol-based total intravenous anesthesia on postoperative outcomes in end-stage renal disease patients: A retrospective observation study",Anne_Marbella,4,Moderate,"performed logistic regresson",Low,,Low,,Low,,Low,,Low,,Low,,Moderate,
6964,"Cho, H. B., Kim, M. G., Park, S. Y., Song, S., Jang, Y. S., Park, S., Lee, H. K., Yoo, J. H., Chung, J. W., Kim, S. H.","The influence of propofol-based total intravenous anesthesia on postoperative outcomes in end-stage renal disease patients: A retrospective observation study",Stephanie_Ramirez,4,Moderate,"Study notes ""potential confounding variables were compared separately in a univariate logistic model and subsequently by multivariate logistic regression.",Low,"Study notes ""All ESRD on hemodialysis patients in the institutional database (age 20-80 years) who underwent general anesthesia between March 2018 and April 2020 were initially included.""",Low,"Use of anesthetic agent.",Low,,Low,"Study notes that cases with missing co-variate data were excluded during the analysis.""",Low,"Study notes that primary outcome was postoperative MACE defined as a composite of all-cause death, sudden cardiac arrest, congestive heart failure, non-fatal MI, stress-induced cardiomyopathy, and new onset of cardiac arrhythmia, severe hypotension requiring inotropic support, new-onset pulmonary edema, pulmonary hypertension, cerebrovascular accident, and pulmonary embolism within 30 days after surgery.",Low,,Moderate,
7522,"Leigheb, M., De Sire, A., Zeppegno, P., Forni, F., Sgreccia, M., Gagliardi, V. P., Pogliacomi, F., Sabbatini, M.","Delirium risk factors analysis post proximal femur fracture surgery in elderly",Madhulika_Agarkar,4,Critical,,Low,,Low,,"No information",,Low,,Low,,Low,,Critical,
7522,"Leigheb, M., De Sire, A., Zeppegno, P., Forni, F., Sgreccia, M., Gagliardi, V. P., Pogliacomi, F., Sabbatini, M.","Delirium risk factors analysis post proximal femur fracture surgery in elderly",Anne_Marbella,4,Serious,"did not control for age",Low,,Low,,"No information",,Low,,Low,DRS,Low,,Critical,
7722,"Duprey, M. S., Devlin, J. W., Griffith, J. L., Travison, T. G., Briesacher, B. A., Jones, R., Saczynski, J. S., Schmitt, E. M., Gou, Y., Marcantonio, E. R., Inouye, S. K.","Association Between Perioperative Medication Use and Postoperative Delirium and Cognition in Older Adults Undergoing Elective Noncardiac Surgery",Madhulika_Agarkar,4,Moderate,,Moderate,,Serious,,Low,,Low,,Low,,Low,,Serious,
7722,"Duprey, M. S., Devlin, J. W., Griffith, J. L., Travison, T. G., Briesacher, B. A., Jones, R., Saczynski, J. S., Schmitt, E. M., Gou, Y., Marcantonio, E. R., Inouye, S. K.","Association Between Perioperative Medication Use and Postoperative Delirium and Cognition in Older Adults Undergoing Elective Noncardiac Surgery",Anne_Marbella,4,Moderate,"unknown how decision made as to which pts are given benzos or antipsychotics in-hospital",Moderate,"secondary analysis of a prospective cohort study",Serious,"from hospital records",Low,,Low,,Low,CAM,Low,,Serious,
8003,"Fuchita, M., Khan, S. H., Perkins, A. J., Gao, S., Wang, S., Kesler, K. A., Khan, B. A.","Perioperative Risk Factors for Postoperative Delirium in Patients Undergoing Esophagectomy",Madhulika_Agarkar,4,Critical,,Low,,Moderate,,"No information",,Low,,Low,,Low,,Critical,"secondary analysis of a double-blinded RCT."
8003,"Fuchita, M., Khan, S. H., Perkins, A. J., Gao, S., Wang, S., Kesler, K. A., Khan, B. A.","Perioperative Risk Factors for Postoperative Delirium in Patients Undergoing Esophagectomy",Stephanie_Ramirez,4,Critical,,Low,,Moderate,,"No information",,Low,,Low,"CAM was used to asses for delirium",Low,"secondary data analysis of an RCT evaluating for POD",Critical,
9279,"Nandi, S., Harvey, W. F., Saillant, J., Kazakin, A., Talmo, C., Bono, J.","Pharmacologic risk factors for post-operative delirium in total joint arthroplasty patients: a case-control study",Madhulika_Agarkar,4,Moderate,,Low,,Moderate,,"No information",,Low,,Low,,Low,,Moderate,
9279,"Nandi, S., Harvey, W. F., Saillant, J., Kazakin, A., Talmo, C., Bono, J.","Pharmacologic risk factors for post-operative delirium in total joint arthroplasty patients: a case-control study",Anne_Marbella,4,Moderate,"case-control study, matched by age, year, type of surgery",Low,,Moderate,"retrospective chart review for medications","No information",,Low,,Low,"chart review for psych consult and/or delirium terms, verified in Morbidity and Mortality Conference records",Low,,Moderate,
9464,"Ushida, T., Yokoyama, T., Kishida, Y., Hosokawa, M., Taniguchi, S., Inoue, S., Takemasa, R., Suetomi, K., Arai, Y. C., McLaughlin, M., Tani, T.","Incidence and risk factors of postoperative delirium in cervical spine surgery",Madhulika_Agarkar,4,Moderate,,Low,,Low,,Low,,Low,,Low,,Low,,Moderate,
9464,"Ushida, T., Yokoyama, T., Kishida, Y., Hosokawa, M., Taniguchi, S., Inoue, S., Takemasa, R., Suetomi, K., Arai, Y. C., McLaughlin, M., Tani, T.","Incidence and risk factors of postoperative delirium in cervical spine surgery",Anne_Marbella,4,Moderate,"before/after study",Low,,Low,,Low,,Low,,Low,"nurses used DOS, then verified by surgeons",Low,,Moderate,
9616,"Barreto Chang, O. L., Kreuzer, M., Morgen, D. F., Possin, K. L., Garcia, P. S.","Ketamine Associated Intraoperative Electroencephalographic Signatures of Elderly Patients With and Without Preoperative Cognitive Impairment",Madhulika_Agarkar,4,Moderate,,Low,,Low,,Low,,Low,,Low,,Low,,Moderate,
9616,"Barreto Chang, O. L., Kreuzer, M., Morgen, D. F., Possin, K. L., Garcia, P. S.","Ketamine Associated Intraoperative Electroencephalographic Signatures of Elderly Patients With and Without Preoperative Cognitive Impairment",Anne_Marbella,4,Moderate,"no details on why some pts received ketamine and others didn't",Low,,Low,,Low,,Low,,Low,,Low,,Moderate,
9977,"Choi, H., Shin, B., Yoo, H., Suh, G. Y., Cho, J. H., Kim, H. K., Choi, Y. S., Kim, J., Zo, J. I., Shim, Y. M., Jeon, K.","Early corticosteroid treatment for postoperative acute lung injury after lung cancer surgery",Madhulika_Agarkar,4,Moderate,,Low,,Moderate,,"No information",,Low,,Low,,Low,,Moderate,
9977,"Choi, H., Shin, B., Yoo, H., Suh, G. Y., Cho, J. H., Kim, H. K., Choi, Y. S., Kim, J., Zo, J. I., Shim, Y. M., Jeon, K.","Early corticosteroid treatment for postoperative acute lung injury after lung cancer surgery",Anne_Marbella,4,Moderate,"unknown why team would give corticosteroid early or late",Low,,Moderate,,"No information",,Low,,Low,CAM,Low,,Moderate,
10090,"Yamasaki, M., Fukuda, Y., Tanimoto, A., Narahara, M., Kawaguchi, Y., Ushiroda, H., Fukuda, S., Murakami, T., Maeda, Y.","Reduction in the rate of postoperative delirium by switching from famotidine to omeprazole in Japanese hepatectomized recipients",Madhulika_Agarkar,4,Moderate,,Low,,Low,,"No information",,Low,,Low,,Low,,Moderate,
10090,"Yamasaki, M., Fukuda, Y., Tanimoto, A., Narahara, M., Kawaguchi, Y., Ushiroda, H., Fukuda, S., Murakami, T., Maeda, Y.","Reduction in the rate of postoperative delirium by switching from famotidine to omeprazole in Japanese hepatectomized recipients",Anne_Marbella,4,Moderate,"before/after study - date determined which drug administered",Low,,Low,,"No information",,Low,,Low,NEECHAM,Low,,Moderate,
11264,"Lester, P. E., Ripley, D., Grandelli, R., Drew, L. A., Keegan, M., Islam, S.","Interdisciplinary Protocol for Surgery in Older Persons: Development and Implementation",Madhulika_Agarkar,4,Serious,,Low,,Low,,Low,,Low,,Low,,Low,,Serious,
11264,"Lester, P. E., Ripley, D., Grandelli, R., Drew, L. A., Keegan, M., Islam, S.","Interdisciplinary Protocol for Surgery in Older Persons: Development and Implementation",Anne_Marbella,4,Serious,,Low,,Low,,Low,,Low,,Low,,Low,,Serious,"delirium text and table data are inconsistent (email sent to author 5/18/23)"
13116,"Zhou, Y., Xu, T.","Effect of propofol and sevoflurane on perioperative and postoperative outcomes in lung cancer patients after thoracoscopic surgery",Madhulika_Agarkar,4,Moderate,,Low,,Low,,Low,,Low,,Low,,Low,,Moderate,
13116,"Zhou, Y., Xu, T.","Effect of propofol and sevoflurane on perioperative and postoperative outcomes in lung cancer patients after thoracoscopic surgery",Anne_Marbella,4,Moderate,"no details on how pt assigned to TIVA or inhaled grps",Low,,Low,,Low,,Low,,Low,MMSE,Low,,Moderate,
13133,"Romano, L. U., Rigoni, M., Torri, E., Nella, M., Morandi, M., Casetti, P., Nollo, G.","A propensity score-matched analysis to assess the outcomes in pre-and post-fast-track hip and knee elective prosthesis patients",Madhulika_Agarkar,4,Moderate,,Low,,Low,,Low,,Low,,Low,,Low,,Moderate,
13133,"Romano, L. U., Rigoni, M., Torri, E., Nella, M., Morandi, M., Casetti, P., Nollo, G.","A propensity score-matched analysis to assess the outcomes in pre-and post-fast-track hip and knee elective prosthesis patients",Anne_Marbella,4,Moderate,"pre-intervention population did not include large prothesis revisions & unicompartmental knee arthroplasty since some of intervention activities used; demographic comparisons showed similar populations pre- and post-",Low,,Low,,Low,,Low,"propensity score matching",Low,,Low,,Moderate,
13301,"Li, Y., Wang, C., Bi, M., Gao, J., Zhang, X., Tian, H.","Effect of dexmedetomidine on brain function and hemodynamics in patients undergoing lung cancer resection",Madhulika_Agarkar,4,"No information",,Low,,Low,,Low,,Low,,Moderate,,Low,,Serious,
13301,"Li, Y., Wang, C., Bi, M., Gao, J., Zhang, X., Tian, H.","Effect of dexmedetomidine on brain function and hemodynamics in patients undergoing lung cancer resection",Anne_Marbella,4,"No information","There were 41 pts undergoing conventional anesthesia in the control group and 46 pts undergoing conventional anesthesia and dexmedetomidine anesthesia in the research group.",Low,,Low,,Low,,Low,,Moderate,"MMSE used; there is a pre- and post-surgery measurement, but post- is defined as ""after patients recovered from anesthesia"" - could be subjective; no mention of blinding",Low,,Serious,"no info on choosing patients (questions 1) and no specified time to measure post-MMSE"
13361,"Wang, Z., Shen, Z., Wang, H., Zhang, L., Dong, R.","Effect of dexmedetomidine on the cognitive function of patients undergoing gastric cancer surgery by regulating the PI3K/AKT signaling pathway",Madhulika_Agarkar,4,"No information",,Low,,Low,,Low,,Low,,Low,,Low,,Serious,
13361,"Wang, Z., Shen, Z., Wang, H., Zhang, L., Dong, R.","Effect of dexmedetomidine on the cognitive function of patients undergoing gastric cancer surgery by regulating the PI3K/AKT signaling pathway",Anne_Marbella,4,"No information",,Low,,Low,,Low,,Low,,Low,"MMSE; measured 1 day post-surgery; no mention of blinding",Low,,Serious,
13367,"Yin, L., Yuan, H., Chen, X., Liao, M., Lu, F.","Mechanism of action of dexmedetomidine on hemodynamics, analgesic and sedative effects and postoperative delirium in elderly patients undergoing hip fracture surgery",Madhulika_Agarkar,4,Moderate,,Low,,Moderate,,"No information",,Low,,Serious,,Low,,Serious,
13367,"Yin, L., Yuan, H., Chen, X., Liao, M., Lu, F.","Mechanism of action of dexmedetomidine on hemodynamics, analgesic and sedative effects and postoperative delirium in elderly patients undergoing hip fracture surgery",Anne_Marbella,4,Moderate,,Low,,Moderate,,"No information",,Low,,Serious,"subjective and not blinded",Low,,Serious,
13368,"Zhang, L., Zhu, B., Zhang, L., Tian, Z., Zhang, X., Lin, F.","Effects of different doses of dexmedetomidine on stress responses and postoperative cognitive function in spine surgery for elderly patients",Madhulika_Agarkar,4,Moderate,,Low,,Low,,Low,,Low,,Moderate,,Low,,Moderate,
13368,"Zhang, L., Zhu, B., Zhang, L., Tian, Z., Zhang, X., Lin, F.","Effects of different doses of dexmedetomidine on stress responses and postoperative cognitive function in spine surgery for elderly patients",Anne_Marbella,4,Moderate,"no details how pts were assigned to placebo, 0.5 mcg/kg/h, or 1.0 mcg/kg/h arms",Low,,Low,,Low,,Low,,Moderate,"no details on training, blinding, or who performed MMSE",Low,,Moderate,
13824,"Bily, B., Sabol, F., Török, P., Artemiou, P., Bilecova-Rabajdova, M., Kolarcik, P.","Influence of prophylactic melatonin administration on the incidence of early postoperative delirium in cardiac surgery patients",Madhulika_Agarkar,4,Moderate,"consecutive patients in both groups",Low,,Low,,Low,,Low,,Low,,Low,,Moderate,
13824,"Bily, B., Sabol, F., Török, P., Artemiou, P., Bilecova-Rabajdova, M., Kolarcik, P.","Influence of prophylactic melatonin administration on the incidence of early postoperative delirium in cardiac surgery patients",Anne_Marbella,4,Moderate,"non-randomized trial",Low,,Low,,Low,,Low,,Low,,Low,,Moderate,
14821,"Shimizu, K., Hirose, M., Mikami, S., Takamura, K., Goi, T., Yamaguchi, A., Morioka, K., Ichikawa, T., Shigemi, K.","Effect of anaesthesia maintained with sevoflurane and propofol on surgical site infection after elective open gastrointestinal surgery",Anne_Marbella,4,Moderate,"propensity matching",Low,,Low,,Low,,Low,,Low,,Low,,Moderate,
14821,"Shimizu, K., Hirose, M., Mikami, S., Takamura, K., Goi, T., Yamaguchi, A., Morioka, K., Ichikawa, T., Shigemi, K.","Effect of anaesthesia maintained with sevoflurane and propofol on surgical site infection after elective open gastrointestinal surgery",Stephanie_Ramirez,4,Moderate,"Use of propensity score matching.",Low,,Low,"Main anesthetic agent used.",Low,"Study notes that any patient maintained with sevoflurane, whose propensity scores deviated by >0.02 from those of patients maintained with propofol, were considered unmatched.",Low,,Low,,Low,,Moderate,
15331,"Koo, B. W., Sim, J. B., Shin, H. J., Kim, D. W., Kang, S. B., Do, S. H., Na, H. S.","Surgical site infection after colorectal surgery according to the main anesthetic agent: a retrospective comparison between volatile anesthetics and propofol",Anne_Marbella,4,Moderate,"propensity matching",Low,,Low,,Low,,Low,,Low,,Low,,Moderate,
15331,"Koo, B. W., Sim, J. B., Shin, H. J., Kim, D. W., Kang, S. B., Do, S. H., Na, H. S.","Surgical site infection after colorectal surgery according to the main anesthetic agent: a retrospective comparison between volatile anesthetics and propofol",Stephanie_Ramirez,4,Moderate,"Use of propensity-score matching to reduce the risk of confounding.",Low,,Low,"Intervention was the anesthetic agent used.",Low,"Use of ICD-9 codes.",Low,,Low,"Primary outcome was SSI occurrence in the 30-day postop period. SSI diagnosed according to the criteria of the CDC and reported using a web-based recording system.",Low,,Moderate,
16537,"Artemiou, P., Bily, B., Bilecova-Rabajdova, M., Sabol, F., Torok, P., Kolarcik, P., Kolesar, A.","Melatonin treatment in the prevention of postoperative delirium in cardiac surgery patients",Madhulika_Agarkar,4,Moderate,,Low,,Low,,Low,,Low,,Low,,Low,,Moderate,
16537,"Artemiou, P., Bily, B., Bilecova-Rabajdova, M., Sabol, F., Torok, P., Kolarcik, P., Kolesar, A.","Melatonin treatment in the prevention of postoperative delirium in cardiac surgery patients",Anne_Marbella,4,Moderate,,Low,"two different time periods",Low,,Low,,Low,,Low,"CAM by ICU nurses",Low,,Moderate,
16539,"Bakker, F. C., Persoon, A., Bredie, S. J. H., van Haren-Willems, J., Leferink, V. J., Noyez, L., Schoon, Y., Olde Rikkert, M. G. M.","The CareWell in Hospital program to improve the quality of care for frail elderly inpatients: results of a before-after study with focus on surgical patients",Madhulika_Agarkar,4,Moderate,,Low,,Low,,Low,,Low,,Low,,Low,,Moderate,
16539,"Bakker, F. C., Persoon, A., Bredie, S. J. H., van Haren-Willems, J., Leferink, V. J., Noyez, L., Schoon, Y., Olde Rikkert, M. G. M.","The CareWell in Hospital program to improve the quality of care for frail elderly inpatients: results of a before-after study with focus on surgical patients",Anne_Marbella,4,Moderate,"""relatively high patient refusal"", pre- 27/298 (9%), post- 65/303 (21%)",Low,,Low,,Low,,Low,,Low,,Low,,Moderate,
16544,"Bjorkelund, K. B., Hommel, A., Thorngren, K. G., Gustafson, L., Larsson, S., Lundberg, D.","Reducing delirium in elderly patients with hip fracture: a multi-factorial intervention study",Madhulika_Agarkar,4,Serious,,Low,,Low,,Low,,Low,,Low,,Low,,Serious,
16544,"Bjorkelund, K. B., Hommel, A., Thorngren, K. G., Gustafson, L., Larsson, S., Lundberg, D.","Reducing delirium in elderly patients with hip fracture: a multi-factorial intervention study",Anne_Marbella,4,Serious,,Low,,Low,,Low,,Low,,Low,,Low,,Serious,
16591,"McDonald, S. R., Heflin, M. T., Whitson, H. E., Dalton, T. O., Lidsky, M. E., Liu, P., Poer, C. M., Sloane, R., Thacker, J. K., White, H. K., Yanamadala, M., Lagoo-Deenadayalan, S. A.","Association of integrated care coordination with postsurgical outcomes in high-risk older adults: The Perioperative Optimization of Senior Health (POSH) initiative",Madhulika_Agarkar,4,Moderate,,Low,,Low,,Low,,Low,,Low,,Low,,Moderate,
16591,"McDonald, S. R., Heflin, M. T., Whitson, H. E., Dalton, T. O., Lidsky, M. E., Liu, P., Poer, C. M., Sloane, R., Thacker, J. K., White, H. K., Yanamadala, M., Lagoo-Deenadayalan, S. A.","Association of integrated care coordination with postsurgical outcomes in high-risk older adults: The Perioperative Optimization of Senior Health (POSH) initiative",Anne_Marbella,4,Moderate,"post- had older pts, but if age influenced outcomes it would be towards the null",Low,,Low,,Low,,Low,,Low,,Low,,Moderate,
16601,"Olsson, L. E., Karlsson, J., Berg, U., Karrholm, J., Hansson, E.","Person-centred care compared with standardized care for patients undergoing total hip arthroplasty--a quasi-experimental study",Madhulika_Agarkar,4,Moderate,,Low,,Low,,Low,,Moderate,"EQ-5D outcome missing data not addressed.",Low,,Low,,Moderate,
16601,"Olsson, L. E., Karlsson, J., Berg, U., Karrholm, J., Hansson, E.","Person-centred care compared with standardized care for patients undergoing total hip arthroplasty--a quasi-experimental study",Anne_Marbella,4,Moderate,"exclusion reasons were combined - cognitive impairment or reluctance to participate - control: 129/267 (48%); intervention: 184/312 (59%)",Low,,Low,,Low,,Moderate,,Low,,Low,,Moderate,
16623,"Tarazona-Santabalbina, F. J., Llabata-Broseta, J., Belenguer-Varea, A., Alvarez-Martinez, D., Cuesta-Peredo, D., Avellana-Zaragoza, J. A.","A daily multidisciplinary assessment of older adults undergoing elective colorectal cancer surgery is associated with reduced delirium and geriatric syndromes",Madhulika_Agarkar,4,Serious,"patients were assigned the following care groups based on their preoperative condition.",Serious,"patients in the standard care group were healthier than the expanded preop group.",Low,,Low,,Low,,Low,,Low,,Serious,
16623,"Tarazona-Santabalbina, F. J., Llabata-Broseta, J., Belenguer-Varea, A., Alvarez-Martinez, D., Cuesta-Peredo, D., Avellana-Zaragoza, J. A.","A daily multidisciplinary assessment of older adults undergoing elective colorectal cancer surgery is associated with reduced delirium and geriatric syndromes",Anne_Marbella,4,Serious,"intervention group older, higher ASA, higher, more dementia, and higher comorbidities",Serious,,Low,,Low,,Low,,Low,,Low,,Serious,"differences in groups, but study was designed that way; intervention group more at risk, yet showed lower delirium rates"
16629,"Vochteloo, A. J., Moerman, S., van der Burg, B. L., de Boo, M., de Vries, M. R., Niesten, D. D., Tuinebreijer, W. E., Nelissen, R. G., Pilot, P.","Delirium risk screening and haloperidol prophylaxis program in hip fracture patients is a helpful tool in identifying high-risk patients, but does not reduce the incidence of delirium",Madhulika_Agarkar,4,Moderate,,Low,,Low,,Serious,,Low,,Low,,Moderate,"historical comparison ""n"" not reported.",Serious,
16629,"Vochteloo, A. J., Moerman, S., van der Burg, B. L., de Boo, M., de Vries, M. R., Niesten, D. D., Tuinebreijer, W. E., Nelissen, R. G., Pilot, P.","Delirium risk screening and haloperidol prophylaxis program in hip fracture patients is a helpful tool in identifying high-risk patients, but does not reduce the incidence of delirium",Anne_Marbella,4,Moderate,,Low,,Low,,Serious,"67/445 (15%) did not complete the intervention assessment (RD-score); 49/378 (13%) either did not receive haloperidol prophylaxis when indicated or received haloperidol when not indicated",Low,,Low,,Moderate,"historical N's not reported",Serious,
16714,"Park, C. M., Inouye, S. K., Marcantonio, E. R., Metzger, E., Bateman, B. T., Lie, J. J., Lee, S. B., Levin, R., Kim, D. H.","Perioperative Gabapentin Use and In-Hospital Adverse Clinical Events Among Older Adults After Major Surgery",Madhulika_Agarkar,4,Critical,,Moderate,,Moderate,,"No information",,Low,,Moderate,"claims-based algorithm",Low,,Critical,
16714,"Park, C. M., Inouye, S. K., Marcantonio, E. R., Metzger, E., Bateman, B. T., Lie, J. J., Lee, S. B., Levin, R., Kim, D. H.","Perioperative Gabapentin Use and In-Hospital Adverse Clinical Events Among Older Adults After Major Surgery",Anne_Marbella,4,Critical,"Premier Healthcare Dataabase",Moderate,,Moderate,,"No information",,Low,,Moderate,"CAM and algorithm of diagnostic codes",Low,,Critical,
16830,"Xu, T., Chen, X., Li, X., Wang, M., Wang, M.","Effect of dexmedetomidine-assisted ultrasound-guided lower extremity nerve block on postoperative cognitive function in elderly patients undergoing hip surgery",Madhulika_Agarkar,4,Moderate,,Low,,Moderate,,"No information",,Low,,Moderate,,Low,,Moderate,
16830,"Xu, T., Chen, X., Li, X., Wang, M., Wang, M.","Effect of dexmedetomidine-assisted ultrasound-guided lower extremity nerve block on postoperative cognitive function in elderly patients undergoing hip surgery",Anne_Marbella,4,Moderate,"no details on how pts chosen for dexmedetomidine or no dexmedetomidine grps",Low,,Moderate,,"No information",,Low,,Moderate,"no details on who administered MMSE and training or blinding",Low,,Moderate,
16846,"Giannotti, C., Massobrio, A., Carmisciano, L., Signori, A., Napolitano, A., Pertile, D., Soriero, D., Muzyka, M., Tagliafico, L., Casabella, A., Cea, M., Caffa, I., Ballestrero, A., Murialdo, R., Laudisio, A., Incalzi, R. A., Scabini, S., Monacelli, F., Nencioni, A.","Effect of Geriatric Comanagement in Older Patients Undergoing Surgery for Gastrointestinal Cancer: A Retrospective, Before-and-After Study",Madhulika_Agarkar,4,Serious,,Moderate,,Low,,Low,,Low,,Moderate,"used 4AT instrument",Low,,Serious,
16846,"Giannotti, C., Massobrio, A., Carmisciano, L., Signori, A., Napolitano, A., Pertile, D., Soriero, D., Muzyka, M., Tagliafico, L., Casabella, A., Cea, M., Caffa, I., Ballestrero, A., Murialdo, R., Laudisio, A., Incalzi, R. A., Scabini, S., Monacelli, F., Nencioni, A.","Effect of Geriatric Comanagement in Older Patients Undergoing Surgery for Gastrointestinal Cancer: A Retrospective, Before-and-After Study",Anne_Marbella,4,Serious,"Control group older, lower baseline clock drawing test, lower geriatric depression scale, higher frailty",Moderate,,Low,,Low,,Low,,Moderate,"new instrument",Low,,Serious,
16890,"Yoshimura, M., Shiramoto, H., Morimoto, Y., Koga, M.","Comparison of total intravenous with inhalational anesthesia in terms of postoperative delirium and complications in older patients: a nationwide population-based study",Madhulika_Agarkar,4,Moderate,,Moderate,,Low,,Low,,Low,,Serious,,Low,,Moderate,
16890,"Yoshimura, M., Shiramoto, H., Morimoto, Y., Koga, M.","Comparison of total intravenous with inhalational anesthesia in terms of postoperative delirium and complications in older patients: a nationwide population-based study",Anne_Marbella,4,Moderate,"propensity score matching",Moderate,"TIVA vs inhaled - they decided on grp assignment",Low,,Low,,Low,,Serious,"delirium based on prescription of antipsychotics",Low,,Moderate,
16961,"Koch, S., Blankertz, B., Windmann, V., Spies, C., Radtke, F. M., Röhr, V.","Desflurane is risk factor for postoperative delirium in older patients' independent from intraoperative burst suppression duration",Madhulika_Agarkar,4,Critical,,Low,,Moderate,,"No information",,Low,,Low,,Low,,Critical,"Secondary analysis of a RCT."
16961,"Koch, S., Blankertz, B., Windmann, V., Spies, C., Radtke, F. M., Röhr, V.","Desflurane is risk factor for postoperative delirium in older patients' independent from intraoperative burst suppression duration",Anne_Marbella,4,Critical,"secondary analysis of study evaluating depth of anesthesia and cognitive outcomes; did not control for age",Low,,Moderate,,"No information",,Low,,Low,,Low,,Critical,
16970,"Aoki, Y., Kurita, T., Nakajima, M., Imai, R., Suzuki, Y., Makino, H., Kinoshita, H., Doi, M., Nakajima, Y.","Association between remimazolam and postoperative delirium in older adults undergoing elective cardiovascular surgery: a prospective cohort study",Madhulika_Agarkar,4,Moderate,,Low,,Low,,Low,,Low,,Low,,Low,,Moderate,
16970,"Aoki, Y., Kurita, T., Nakajima, M., Imai, R., Suzuki, Y., Makino, H., Kinoshita, H., Doi, M., Nakajima, Y.","Association between remimazolam and postoperative delirium in older adults undergoing elective cardiovascular surgery: a prospective cohort study",Anne_Marbella,4,Moderate,,Low,,Low,,Low,,Low,,Low,CAM,Low,,Moderate,
17006,"Burfeind, K. G., Zarnegarnia, Y., Tekkali, P., O'Glasser, A. Y., Quinn, J. F., Schenning, K. J.","Potentially Inappropriate Medication Administration Is Associated With Adverse Postoperative Outcomes in Older Surgical Patients: A Retrospective Cohort Study",Madhulika_Agarkar,4,Critical,,Low,,Moderate,,"No information",,Low,,Low,,Low,,Critical,
17006,"Burfeind, K. G., Zarnegarnia, Y., Tekkali, P., O'Glasser, A. Y., Quinn, J. F., Schenning, K. J.","Potentially Inappropriate Medication Administration Is Associated With Adverse Postoperative Outcomes in Older Surgical Patients: A Retrospective Cohort Study",Anne_Marbella,4,Critical,"Provided no causal model to support choice confounders, including the 3-way interaction between PIM, cognitive status, and frailty. Did not adjust for type of procedure.  Did not consider specific PIM classes. Lacked information on chronic medications.",Low,,Moderate,"Used of 2019 American Geriatric Society Beers Criteria to identify inappropriate medications.","No information","Provide no information concerning care related to PIM use.",Low,,Low,"Discharge location and length of stay outcomes. Length of stay measured in days.",Low,,Critical,"Authors make no mention of mortality in the cohort."
17038,"Liu, J., Li, J., Gao, D., Wang, J., Liu, M., Yu, D.","High ASA Physical Status and Low Serum Uric Acid to Creatinine Ratio are Independent Risk Factors for Postoperative Delirium Among Older Adults Undergoing Urinary Calculi Surgery",Madhulika_Agarkar,4,Critical,,Low,,Moderate,,"No information",,Low,,Low,,Low,,Critical,
17038,"Liu, J., Li, J., Gao, D., Wang, J., Liu, M., Yu, D.","High ASA Physical Status and Low Serum Uric Acid to Creatinine Ratio are Independent Risk Factors for Postoperative Delirium Among Older Adults Undergoing Urinary Calculi Surgery",Anne_Marbella,4,Critical,"did not control for age",Low,,Moderate,"retrospective cohort, so all data from chart review","No information",,Low,,Low,,Low,,Critical,
17080,"Deiner, S., Lin, H. M., Bodansky, D., Silverstein, J., Sano, M.","Do stress markers and anesthetic technique predict delirium in the elderly?",Madhulika_Agarkar,4,Moderate,"anesthetic method determined by care team based on procedure requirements",Moderate,,Moderate,,Low,,Low,,Moderate,,Low,,Moderate,
17080,"Deiner, S., Lin, H. M., Bodansky, D., Silverstein, J., Sano, M.","Do stress markers and anesthetic technique predict delirium in the elderly?",Anne_Marbella,4,Moderate,"Inhaled grp was older, higher ASA, lower MMSE at baseline; Table 3 compared delirium/no delirium and age, ASA, MMSE not different",Moderate,"TIVA v inhaled - they decided allocation",Moderate,,Low,,Low,,Moderate,"no blinding",Low,,Moderate,
17087,"Deschodt, M., Braes T Fau - Broos, Paul, Broos P Fau - Sermon, An, Sermon A Fau - Boonen, Steven, Boonen S Fau - Flamaing, Johan, Flamaing J Fau - Milisen, Koen, Milisen, K.","Effect of an inpatient geriatric consultation team on functional outcome, mortality, institutionalization, and readmission rate in older adults with hip fracture: a controlled trial",Madhulika_Agarkar,4,Serious,,Low,,Low,,Low,,Low,,Low,,Low,,Serious,
17087,"Deschodt, M., Braes T Fau - Broos, Paul, Broos P Fau - Sermon, An, Sermon A Fau - Boonen, Steven, Boonen S Fau - Flamaing, Johan, Flamaing J Fau - Milisen, Koen, Milisen, K.","Effect of an inpatient geriatric consultation team on functional outcome, mortality, institutionalization, and readmission rate in older adults with hip fracture: a controlled trial",Stephanie_Ramirez,4,Serious,"Doesn't mention any analysis used to control for this.",Low,"Consecutively admitted patients to the emergency department with a traumatic hip fracture",Low,"Well described on page 1300",Low,"They describe adherence to recommendations on page 1300",Low,,Low,,Low,,Serious,
17128,"Jones, T. S., Jones, E. L., Richardson, V., Finley, J. B., Franklin, J. L., Gore, D. L., Horney, C. P., Kovar, A., Morin, T. L., Robinson, T. N.","Preliminary data demonstrate the Geriatric Surgery Verification program reduces postoperative length of stay",Madhulika_Agarkar,4,Moderate,,Serious,,Low,,Low,,Low,,Low,,Low,,Serious,
17128,"Jones, T. S., Jones, E. L., Richardson, V., Finley, J. B., Franklin, J. L., Gore, D. L., Horney, C. P., Kovar, A., Morin, T. L., Robinson, T. N.","Preliminary data demonstrate the Geriatric Surgery Verification program reduces postoperative length of stay",Anne_Marbella,4,Moderate,"matched by age and procedure",Serious,"emergency cases: 21.5% in intervention and 9.0% in control",Low,,Low,,Low,,Low,,Low,,Serious,
17130,"Memtsoudis, S., Cozowicz, C., Zubizarreta, N., Weinstein, S. M., Liu, J., Kim, D. H., Poultsides, L., Berger, M. M., Mazumdar, M., Poeran, J.",Memtsoudis_ketamine,Anne_Marbella,4,Moderate,,Low,,Moderate,,"No information",,Low,,Moderate,"delirium based on ICD-9 codes of prescribed antipsychotics",Low,,Moderate,
17130,"Memtsoudis, S., Cozowicz, C., Zubizarreta, N., Weinstein, S. M., Liu, J., Kim, D. H., Poultsides, L., Berger, M. M., Mazumdar, M., Poeran, J.",Memtsoudis_ketamine,Stephanie_Ramirez,4,Moderate,,Low,,Moderate,,"No information",,Low,,Moderate,,Low,,Moderate,
17131,"Memtsoudis, S., Cozowicz, C., Zubizarreta, N., Weinstein, S. M., Liu, J., Kim, D. H., Poultsides, L., Berger, M. M., Mazumdar, M., Poeran, J.",Memtsoudis_corticosteroids,Anne_Marbella,4,Moderate,,Low,,Moderate,,"No information",,Low,,Moderate,"delirium based on ICD-9 codes of prescribed antipsychotics",Low,,Moderate,
17131,"Memtsoudis, S., Cozowicz, C., Zubizarreta, N., Weinstein, S. M., Liu, J., Kim, D. H., Poultsides, L., Berger, M. M., Mazumdar, M., Poeran, J.",Memtsoudis_corticosteroids,Stephanie_Ramirez,4,Moderate,,Low,,Moderate,,"No information",,Low,,Moderate,,Low,,Moderate,
17132,"Memtsoudis, S., Cozowicz, C., Zubizarreta, N., Weinstein, S. M., Liu, J., Kim, D. H., Poultsides, L., Berger, M. M., Mazumdar, M., Poeran, J.",Memtsoudis_NSAIDs,Anne_Marbella,4,Moderate,,Low,,Moderate,,"No information",,Low,,Moderate,"delirium based on ICD-9 codes of prescribed antipsychotics",Low,,Moderate,
17132,"Memtsoudis, S., Cozowicz, C., Zubizarreta, N., Weinstein, S. M., Liu, J., Kim, D. H., Poultsides, L., Berger, M. M., Mazumdar, M., Poeran, J.",Memtsoudis_NSAIDs,Stephanie_Ramirez,4,Moderate,,Low,,Moderate,,"No information",,Low,,Moderate,,Low,,Moderate,
17133,"Memtsoudis, S., Cozowicz, C., Zubizarreta, N., Weinstein, S. M., Liu, J., Kim, D. H., Poultsides, L., Berger, M. M., Mazumdar, M., Poeran, J.","Memtsoudis_cyclooxygenase-2 inhibitors",Anne_Marbella,4,Moderate,,Low,,Moderate,,"No information",,Low,,Moderate,"delirium based on ICD-9 codes of prescribed antipsychotics",Low,,Moderate,
17133,"Memtsoudis, S., Cozowicz, C., Zubizarreta, N., Weinstein, S. M., Liu, J., Kim, D. H., Poultsides, L., Berger, M. M., Mazumdar, M., Poeran, J.","Memtsoudis_cyclooxygenase-2 inhibitors",Stephanie_Ramirez,4,Moderate,,Low,,Moderate,,"No information",,Low,,Moderate,,Low,,Moderate,
17134,"Memtsoudis, S., Cozowicz, C., Zubizarreta, N., Weinstein, S. M., Liu, J., Kim, D. H., Poultsides, L., Berger, M. M., Mazumdar, M., Poeran, J.",Memtsoudis_benzodiazepine_knee,Anne_Marbella,4,Moderate,,Low,,Moderate,,"No information",,Low,,Moderate,,Low,,Moderate,
17134,"Memtsoudis, S., Cozowicz, C., Zubizarreta, N., Weinstein, S. M., Liu, J., Kim, D. H., Poultsides, L., Berger, M. M., Mazumdar, M., Poeran, J.",Memtsoudis_benzodiazepine_knee,Stephanie_Ramirez,4,Moderate,,Low,,Moderate,,"No information",,Low,,Moderate,,Low,,Moderate,
17136,"Memtsoudis, S., Cozowicz, C., Zubizarreta, N., Weinstein, S. M., Liu, J., Kim, D. H., Poultsides, L., Berger, M. M., Mazumdar, M., Poeran, J.",Memtsoudis_ketamine_knee,Anne_Marbella,4,Moderate,,Low,,Moderate,,"No information",,Low,,Moderate,"delirium based on ICD-9 codes of prescribed antipsychotics",Low,,Moderate,
17136,"Memtsoudis, S., Cozowicz, C., Zubizarreta, N., Weinstein, S. M., Liu, J., Kim, D. H., Poultsides, L., Berger, M. M., Mazumdar, M., Poeran, J.",Memtsoudis_ketamine_knee,Stephanie_Ramirez,4,Moderate,,Low,,Moderate,,"No information",,Low,,Moderate,,Low,,Moderate,
17137,"Memtsoudis, S., Cozowicz, C., Zubizarreta, N., Weinstein, S. M., Liu, J., Kim, D. H., Poultsides, L., Berger, M. M., Mazumdar, M., Poeran, J.",Memtsoudis_corticosteroids_knee,Anne_Marbella,4,Moderate,,Low,,Moderate,,"No information",,Low,,Moderate,"delirium based on ICD-9 codes of prescribed antipsychotics",Low,,Moderate,
17137,"Memtsoudis, S., Cozowicz, C., Zubizarreta, N., Weinstein, S. M., Liu, J., Kim, D. H., Poultsides, L., Berger, M. M., Mazumdar, M., Poeran, J.",Memtsoudis_corticosteroids_knee,Stephanie_Ramirez,4,Moderate,,Low,,Moderate,,"No information",,Low,,Moderate,,Low,,Moderate,
17138,"Memtsoudis, S., Cozowicz, C., Zubizarreta, N., Weinstein, S. M., Liu, J., Kim, D. H., Poultsides, L., Berger, M. M., Mazumdar, M., Poeran, J.",Memtsoudis_NSAIDs_knee,Anne_Marbella,4,Moderate,,Low,,Moderate,,"No information",,Low,,Moderate,"delirium based on ICD-9 codes of prescribed antipsychotics",Low,,Moderate,
17138,"Memtsoudis, S., Cozowicz, C., Zubizarreta, N., Weinstein, S. M., Liu, J., Kim, D. H., Poultsides, L., Berger, M. M., Mazumdar, M., Poeran, J.",Memtsoudis_NSAIDs_knee,Stephanie_Ramirez,4,Moderate,,Low,,Moderate,,"No information",,Low,,Moderate,,Low,,Moderate,
17139,"Memtsoudis, S., Cozowicz, C., Zubizarreta, N., Weinstein, S. M., Liu, J., Kim, D. H., Poultsides, L., Berger, M. M., Mazumdar, M., Poeran, J.","Memtsoudis_cyclooxygenase-2 inhibitors_knee",Anne_Marbella,4,Moderate,,Low,,Moderate,,"No information",,Low,,Moderate,"delirium based on ICD-9 codes of prescribed antipsychotics",Low,,Moderate,
17139,"Memtsoudis, S., Cozowicz, C., Zubizarreta, N., Weinstein, S. M., Liu, J., Kim, D. H., Poultsides, L., Berger, M. M., Mazumdar, M., Poeran, J.","Memtsoudis_cyclooxygenase-2 inhibitors_knee",Stephanie_Ramirez,4,Moderate,,Low,,Moderate,,"No information",,Low,,Moderate,,Low,,Moderate,
17140,"Slor, C. J., de Jonghe, J. F., Vreeswijk, R., Groot, E., Ploeg, T. V., van Gool, W. A., Eikelenboom, P., Snoeck, M., Schmand, B., Kalisvaart, K. J.",Slor_benzodiazepines,Anne_Marbella,4,Moderate,"secondary analysis of RCT evaluating prophylactic haloperidol and delirium; risk factors for delirium were balanced between groups",Low,,Moderate,,"No information","medical record review for drugs used perioperatively",Moderate,"77 medical records could not be retrieved",Low,"DSM and CAM",Low,,Moderate,
17140,"Slor, C. J., de Jonghe, J. F., Vreeswijk, R., Groot, E., Ploeg, T. V., van Gool, W. A., Eikelenboom, P., Snoeck, M., Schmand, B., Kalisvaart, K. J.",Slor_benzodiazepines,Stephanie_Ramirez,4,Moderate,,Low,,Moderate,,"No information",,Moderate,,Low,,Low,,Moderate,
17141,"Slor, C. J., de Jonghe, J. F., Vreeswijk, R., Groot, E., Ploeg, T. V., van Gool, W. A., Eikelenboom, P., Snoeck, M., Schmand, B., Kalisvaart, K. J.",Slor_anticholinergics,Anne_Marbella,4,Moderate,"secondary analysis of RCT evaluating prophylactic haloperidol and delirium; risk factors for delirium were balanced between groups",Low,,Moderate,,"No information","medical record review for drugs used perioperatively",Moderate,"77 medical records could not be retrieved",Low,"DSM and CAM",Low,,Moderate,
17141,"Slor, C. J., de Jonghe, J. F., Vreeswijk, R., Groot, E., Ploeg, T. V., van Gool, W. A., Eikelenboom, P., Snoeck, M., Schmand, B., Kalisvaart, K. J.",Slor_anticholinergics,Stephanie_Ramirez,4,Moderate,,Low,,Moderate,,"No information",,Moderate,,Low,,Low,,Moderate,
17142,"Mueller, A., Spies, C. D., Eckardt, R., Weiss, B., Pohrt, A., Wernecke, K. D., Schmidt, M.",Mueller_haloperidol,Madhulika_Agarkar,4,Critical,,Low,,Moderate,,Serious,,Low,,Low,,Low,,Critical,
17142,"Mueller, A., Spies, C. D., Eckardt, R., Weiss, B., Pohrt, A., Wernecke, K. D., Schmidt, M.",Mueller_haloperidol,Anne_Marbella,4,Critical,"no adjustment for age and age was significantly different in delirium groups",Low,,Moderate,,Serious,"administration of haloperidol was at discretion of anesthetist",Low,,Low,,Low,,Critical,
17143,"Weinstein, S. M., Poultsides, L., Baaklini, L. R., Mörwald, E. E., Cozowicz, C., Saleh, J. N., Arrington, M. B., Poeran, J., Zubizarreta, N., Memtsoudis, S. G.",Weinstein_postopbenzo,Madhulika_Agarkar,4,Serious,,Moderate,,Low,,"No information",,Serious,,Serious,,Low,,Serious,
17143,"Weinstein, S. M., Poultsides, L., Baaklini, L. R., Mörwald, E. E., Cozowicz, C., Saleh, J. N., Arrington, M. B., Poeran, J., Zubizarreta, N., Memtsoudis, S. G.",Weinstein_postopbenzo,Stephanie_Ramirez,4,Serious,,Low,,Moderate,,"No information",,Serious,"Greater than 10%",Serious,"ICD-9 Codes used; measurement tool unknown",Low,,Serious,
17144,"Weinstein, S. M., Poultsides, L., Baaklini, L. R., Mörwald, E. E., Cozowicz, C., Saleh, J. N., Arrington, M. B., Poeran, J., Zubizarreta, N., Memtsoudis, S. G.",Weinstein_intraopketamine,Madhulika_Agarkar,4,Serious,,Low,,Moderate,,"No information",,Serious,,Serious,,Low,,Serious,
17144,"Weinstein, S. M., Poultsides, L., Baaklini, L. R., Mörwald, E. E., Cozowicz, C., Saleh, J. N., Arrington, M. B., Poeran, J., Zubizarreta, N., Memtsoudis, S. G.",Weinstein_intraopketamine,Stephanie_Ramirez,4,Serious,,Low,,Moderate,,"No information",,Serious,"Greater than 10%",Serious,"ICD-9 Codes used; measurement tool unknown",Low,,Serious,
17145,"Weinstein, S. M., Poultsides, L., Baaklini, L. R., Mörwald, E. E., Cozowicz, C., Saleh, J. N., Arrington, M. B., Poeran, J., Zubizarreta, N., Memtsoudis, S. G.",Weinstein_postopketamine,Madhulika_Agarkar,4,Serious,,Low,,Moderate,,"No information",,Serious,,Serious,,Low,,Serious,
17145,"Weinstein, S. M., Poultsides, L., Baaklini, L. R., Mörwald, E. E., Cozowicz, C., Saleh, J. N., Arrington, M. B., Poeran, J., Zubizarreta, N., Memtsoudis, S. G.",Weinstein_postopketamine,Stephanie_Ramirez,4,Serious,,Low,,Moderate,,"No information",,Serious,"Greater than 10%",Serious,"ICD-9 Codes used; measurement tool unknown",Low,,Serious,
17147,"Ke, Y., Chew, S., Seet, E., Wong, W. Y., Lim, V., Chua, N., Zhang, J., Lim, B., Chua, V., Loh, N. H. W., Ti, L. K.",Ke_ketamine,Madhulika_Agarkar,4,Critical,,Low,,Low,,"No information",,Low,,Low,,Low,,Critical,
17147,"Ke, Y., Chew, S., Seet, E., Wong, W. Y., Lim, V., Chua, N., Zhang, J., Lim, B., Chua, V., Loh, N. H. W., Ti, L. K.",Ke_ketamine,Anne_Marbella,4,Critical,"did not control for age",Low,,Low,,"No information",,Low,,Low,,Low,,Critical,
17148,"Fuchita, M., Khan, S. H., Perkins, A. J., Gao, S., Wang, S., Kesler, K. A., Khan, B. A.",Fuchita_dexmethasone,Madhulika_Agarkar,4,Critical,,Low,,Moderate,,"No information",,Low,,Low,,Low,,Critical,
17148,"Fuchita, M., Khan, S. H., Perkins, A. J., Gao, S., Wang, S., Kesler, K. A., Khan, B. A.",Fuchita_dexmethasone,Stephanie_Ramirez,4,Critical,,Low,,Moderate,,"No information",,Low,,Low,"CAM was used to asses for delirium",Low,"secondary data analysis of an RCT evaluating for POD",Critical,
17149,"Fuchita, M., Khan, S. H., Perkins, A. J., Gao, S., Wang, S., Kesler, K. A., Khan, B. A.",Fuchita_ketamine,Madhulika_Agarkar,4,Critical,,Low,,Moderate,,"No information",,Low,,Low,,Low,,Critical,
17149,"Fuchita, M., Khan, S. H., Perkins, A. J., Gao, S., Wang, S., Kesler, K. A., Khan, B. A.",Fuchita_ketamine,Stephanie_Ramirez,4,Critical,,Low,,Moderate,,"No information",,Low,,Low,"CAM was used to asses for delirium",Low,"secondary data analysis of an RCT evaluating for POD",Critical,
17150,"Liu, J., Li, J., Gao, D., Wang, J., Liu, M., Yu, D.",Liu_dexmedetomidine,Madhulika_Agarkar,4,Critical,,Low,,Moderate,,"No information",,Low,,Low,,Low,,Critical,
17150,"Liu, J., Li, J., Gao, D., Wang, J., Liu, M., Yu, D.",Liu_dexmedetomidine,Anne_Marbella,4,Critical,,Low,,Moderate,,"No information",,Low,,Low,,Low,,Critical,
17228,"Poeran, J., Cozowicz, C., Zubizarreta, N., Weinstein, S. M., Deiner, S. G., Leipzig, R. M., Friedman, J. I., Liu, J., Mazumdar, M., Memtsoudis, S. G.","Modifiable factors associated with postoperative delirium after hip fracture repair: An age-stratified retrospective cohort study",Madhulika_Agarkar,4,Critical,"Data source was the national all-payer Premier Healthcare",Low,"selection based on ICD-9 coding",Serious,"detail of drug administration not defined","No information",,Moderate,,Moderate,"Based on billing codes",Low,,Critical,
17228,"Poeran, J., Cozowicz, C., Zubizarreta, N., Weinstein, S. M., Deiner, S. G., Leipzig, R. M., Friedman, J. I., Liu, J., Mazumdar, M., Memtsoudis, S. G.","Modifiable factors associated with postoperative delirium after hip fracture repair: An age-stratified retrospective cohort study",Anne_Marbella,4,Critical,"no matched controls, large database",Low,"hip fracture; THA",Serious,"mentioned in discussion that detailed timing of drugs lacking","No information",,Moderate,,Moderate,"ICD-9 haloperidol",Low,,Critical,
17551,"Hasselager, R. P., Hallas, J., Gögenur, I.","Inhalation anaesthesia compared with total intravenous anaesthesia and postoperative complications in colorectal cancer surgery: an observational registry-based study†",Anne_Marbella,4,Moderate,"propensity score matching",Low,,Low,,Low,,Low,,Low,,Low,,Moderate,
17551,"Hasselager, R. P., Hallas, J., Gögenur, I.","Inhalation anaesthesia compared with total intravenous anaesthesia and postoperative complications in colorectal cancer surgery: an observational registry-based study†",Stephanie_Ramirez,4,Moderate,"propensity score matching used",Low,,Low,,Low,,Low,,Low,,Low,,Moderate,
18477,"Huang, Y. Y., Hui, C. K., Lau, N. C., Ng, Y. T., Lin, T. Y., Chen, C. H., Wang, Y. C., Tang, H. C., Chen, D. W., Chang, C. W.","Total intravenous anesthesia for geriatric hip fracture with severe systemic disease",Madhulika_Agarkar,4,Critical,"all patients ASA IV, intervention dependent on pre-existing conditions",Low,,Low,,"No information",,Low,,"No information",,Low,,Critical,
18477,"Huang, Y. Y., Hui, C. K., Lau, N. C., Ng, Y. T., Lin, T. Y., Chen, C. H., Wang, Y. C., Tang, H. C., Chen, D. W., Chang, C. W.","Total intravenous anesthesia for geriatric hip fracture with severe systemic disease",Anne_Marbella,4,Critical,"all pts ASA physical status IV; anesthesia type by anesthesiologist preference; more serious got TIVA",Low,,Low,,"No information",,Low,,"No information","no information on delirium",Low,complications,Critical,
18509,"Kaneko, S., Morimoto, T., Ichinomiya, T., Murata, H., Yoshitomi, O., Hara, T.","Effect of remimazolam on the incidence of delirium after transcatheter aortic valve implantation under general anesthesia: a retrospective exploratory study",Anne_Marbella,4,Serious,"no description of how anesthesiologists chose remimazolam or propofol",Low,,Moderate,,"No information",,Low,,Low,,Low,,Serious,
18509,"Kaneko, S., Morimoto, T., Ichinomiya, T., Murata, H., Yoshitomi, O., Hara, T.","Effect of remimazolam on the incidence of delirium after transcatheter aortic valve implantation under general anesthesia: a retrospective exploratory study",Stephanie_Ramirez,4,Serious,"no propensity score matching or anything done to control for confounding",Low,,Moderate,,"No information",,Low,,Low,,Low,,Serious,
18797,"Smoor, R. M., van Dongen, E. P. A., Daeter, E. J., Emmelot-Vonk, M. H., Cremer, O. L., Vernooij, L. M., Noordzij, P. G.","The association between preoperative multidisciplinary team care and patient outcome in frail patients undergoing cardiac surgery",Anne_Marbella,4,Moderate,"propensity matched - weighted to create pseudo population in which confounders equally distributed",Low,,Low,,Low,,Low,,Low,,Low,,Moderate,
18797,"Smoor, R. M., van Dongen, E. P. A., Daeter, E. J., Emmelot-Vonk, M. H., Cremer, O. L., Vernooij, L. M., Noordzij, P. G.","The association between preoperative multidisciplinary team care and patient outcome in frail patients undergoing cardiac surgery",Stephanie_Ramirez,4,Moderate,"""Inverse probability of treatment weighting was used to minimize bias from nonrandom allocation.""",Low,,Low,,Low,,Low,"""In the AGE cohort, there was nearly no missing data at baseline. However, there was some missing data in the follow-up data. The WHODAS 2.0 questionnaire at 120 days and the SF-12 questionnaire was complete for 86% of patients.",Low,,Low,,Moderate,
18807,"Staiger, R. D., Curley, D., Attwood, N. V., Haile, S. R., Arulampalam, T., Simpson, J. C.","Surgical outcome improvement by shared decision-making: value of a preoperative multidisciplinary target clinic for the elderly in colorectal surgery",Madhulika_Agarkar,4,Moderate,,Low,,Low,,Low,,Low,,Low,,Low,,Moderate,
18807,"Staiger, R. D., Curley, D., Attwood, N. V., Haile, S. R., Arulampalam, T., Simpson, J. C.","Surgical outcome improvement by shared decision-making: value of a preoperative multidisciplinary target clinic for the elderly in colorectal surgery",Anne_Marbella,4,Moderate,"matching on age, number comorbidities",Low,,Low,,Low,,Low,,Low,,Low,,Moderate,
18819,"Sun, Y., Peng, H. P., Wu, T. T.","Postoperative C-Reactive Protein Predicts Postoperative Delirium in Colorectal Cancer Following Surgery",Madhulika_Agarkar,4,Serious,,Low,,Moderate,,"No information",,Low,,Low,,Low,,Serious,
18819,"Sun, Y., Peng, H. P., Wu, T. T.","Postoperative C-Reactive Protein Predicts Postoperative Delirium in Colorectal Cancer Following Surgery",Anne_Marbella,4,Serious,"non-delirium pts younger, smoked less, lower percent with diabetes,, lower percent with COPD",Low,"elderly with colorectal cancer receiving surgery",Moderate,"operation-related dexmedetomidine","No information","not intended intervention",Low,,Low,,Low,,Serious,
18938,"Yoshimura, M., Hidaka, Y., Morimoto, Y.","Association Between the Use of Midazolam During Cardiac Anesthesia and the Incidence of Postoperative Delirium: A Retrospective Cohort Study Using a Nationwide Database",Madhulika_Agarkar,4,Critical,"National database study",Low,,Moderate,,"No information",,Low,,Moderate,"ICD-10 codes",Low,,Critical,
18938,"Yoshimura, M., Hidaka, Y., Morimoto, Y.","Association Between the Use of Midazolam During Cardiac Anesthesia and the Incidence of Postoperative Delirium: A Retrospective Cohort Study Using a Nationwide Database",Anne_Marbella,4,Critical,"some imbalances in Table 1 between groups",Low,,Moderate,,"No information",,Low,,Moderate,"delirium defined by administration of antipsychotic drugs",Low,,Critical,
18945,"Zarour, S., Weiss, Y., Kiselevich, Y., Iacubovici, L., Karol, D., Shaylor, R., Davydov, T., Matot, I., Cohen, B.","The association between midazolam premedication and postoperative delirium - a retrospective cohort study",Madhulika_Agarkar,4,Moderate,,Low,,Moderate,,"No information",,Low,,Low,,Low,,Moderate,
18945,"Zarour, S., Weiss, Y., Kiselevich, Y., Iacubovici, L., Karol, D., Shaylor, R., Davydov, T., Matot, I., Cohen, B.","The association between midazolam premedication and postoperative delirium - a retrospective cohort study",Anne_Marbella,4,Moderate,"no midazolam group older, more comorbidiities, but lower risk surgeries; logistic regression performed",Low,,Moderate,,"No information",,Low,,Low,"delirium captured 3 ways: 4A tests, MD and nurse records, and CAM",Low,,Moderate,
18976,"Poeran, J., Cozowicz, C., Zubizarreta, N., Weinstein, S. M., Deiner, S. G., Leipzig, R. M., Friedman, J. I., Liu, J., Mazumdar, M., Memtsoudis, S. G.",Poeran_corticosteroids,Madhulika_Agarkar,4,Critical,"Data source was the national all-payer Premier Healthcare",Low,"selection based on ICD-9 coding",Serious,"detail of drug administration not defined","No information",,Moderate,,Moderate,"Based on billing codes",Low,,Critical,
18976,"Poeran, J., Cozowicz, C., Zubizarreta, N., Weinstein, S. M., Deiner, S. G., Leipzig, R. M., Friedman, J. I., Liu, J., Mazumdar, M., Memtsoudis, S. G.",Poeran_corticosteroids,Anne_Marbella,4,Critical,,Low,,Serious,"timing of drug administration lacking","No information",,Moderate,,Moderate,,Low,,Critical,
18977,"Poeran, J., Cozowicz, C., Zubizarreta, N., Weinstein, S. M., Deiner, S. G., Leipzig, R. M., Friedman, J. I., Liu, J., Mazumdar, M., Memtsoudis, S. G.",Poeran_NSAIDs,Madhulika_Agarkar,4,Critical,"Data source was the national all-payer Premier Healthcare",Low,"selection based on ICD-9 coding",Serious,"detail of drug administration not defined","No information",,Moderate,,Moderate,"Based on billing codes",Low,,Critical,
18977,"Poeran, J., Cozowicz, C., Zubizarreta, N., Weinstein, S. M., Deiner, S. G., Leipzig, R. M., Friedman, J. I., Liu, J., Mazumdar, M., Memtsoudis, S. G.",Poeran_NSAIDs,Anne_Marbella,4,Critical,,Low,,Serious,"timing of drug administration lacking","No information",,Moderate,,Moderate,,Low,,Critical,
18978,"Poeran, J., Cozowicz, C., Zubizarreta, N., Weinstein, S. M., Deiner, S. G., Leipzig, R. M., Friedman, J. I., Liu, J., Mazumdar, M., Memtsoudis, S. G.",Poeran_Ketamine,Madhulika_Agarkar,4,Critical,"Data source was the national all-payer Premier Healthcare",Low,"selection based on ICD-9 coding",Serious,"detail of drug administration not defined","No information",,Moderate,,Moderate,"Based on billing codes",Low,,Critical,
18978,"Poeran, J., Cozowicz, C., Zubizarreta, N., Weinstein, S. M., Deiner, S. G., Leipzig, R. M., Friedman, J. I., Liu, J., Mazumdar, M., Memtsoudis, S. G.",Poeran_Ketamine,Anne_Marbella,4,Critical,,Low,,Serious,"timing of drug administration lacking","No information",,Moderate,,Moderate,,Low,,Critical,
18979,"Poeran, J., Cozowicz, C., Zubizarreta, N., Weinstein, S. M., Deiner, S. G., Leipzig, R. M., Friedman, J. I., Liu, J., Mazumdar, M., Memtsoudis, S. G.",Poeran_Gabapentin,Madhulika_Agarkar,4,Critical,"Data source was the national all-payer Premier Healthcare",Low,"selection based on ICD-9 coding",Serious,"detail of drug administration not defined","No information",,Moderate,,Moderate,"Based on billing codes",Low,,Critical,
18979,"Poeran, J., Cozowicz, C., Zubizarreta, N., Weinstein, S. M., Deiner, S. G., Leipzig, R. M., Friedman, J. I., Liu, J., Mazumdar, M., Memtsoudis, S. G.",Poeran_Gabapentin,Anne_Marbella,4,Critical,,Low,,Serious,"timing of drug administration lacking","No information",,Moderate,,Moderate,,Low,,Critical,
18983,"Poeran, J., Cozowicz, C., Zubizarreta, N., Weinstein, S. M., Deiner, S. G., Leipzig, R. M., Friedman, J. I., Liu, J., Mazumdar, M., Memtsoudis, S. G.",Porean_Benzo_LongActing,Madhulika_Agarkar,4,Critical,"Data source was the national all-payer Premier Healthcare",Low,"selection based on ICD-9 coding",Serious,,"No information",,Moderate,,Moderate,,Low,,Critical,
18983,"Poeran, J., Cozowicz, C., Zubizarreta, N., Weinstein, S. M., Deiner, S. G., Leipzig, R. M., Friedman, J. I., Liu, J., Mazumdar, M., Memtsoudis, S. G.",Porean_Benzo_LongActing,Anne_Marbella,4,Critical,,Low,,Serious,"timing of drug administration lacking","No information",,Moderate,,Moderate,,Low,,Critical,
18984,"Poeran, J., Cozowicz, C., Zubizarreta, N., Weinstein, S. M., Deiner, S. G., Leipzig, R. M., Friedman, J. I., Liu, J., Mazumdar, M., Memtsoudis, S. G.",Porean_Benzo_Long+ShortActing,Madhulika_Agarkar,4,Critical,,Low,,Serious,,"No information",,Moderate,,Moderate,,Low,,Critical,
18984,"Poeran, J., Cozowicz, C., Zubizarreta, N., Weinstein, S. M., Deiner, S. G., Leipzig, R. M., Friedman, J. I., Liu, J., Mazumdar, M., Memtsoudis, S. G.",Porean_Benzo_Long+ShortActing,Anne_Marbella,4,Critical,,Low,,Serious,"timing of drug administration lacking","No information",,Moderate,,Moderate,,Low,,Critical,
18985,"Poeran, J., Cozowicz, C., Zubizarreta, N., Weinstein, S. M., Deiner, S. G., Leipzig, R. M., Friedman, J. I., Liu, J., Mazumdar, M., Memtsoudis, S. G.",Poerab_Hypnotics,Madhulika_Agarkar,4,Critical,"Insurance database",Low,"based on ICD-9 codes",Serious,,"No information",,Moderate,,Moderate,,Low,,Critical,
18985,"Poeran, J., Cozowicz, C., Zubizarreta, N., Weinstein, S. M., Deiner, S. G., Leipzig, R. M., Friedman, J. I., Liu, J., Mazumdar, M., Memtsoudis, S. G.",Poerab_Hypnotics,Anne_Marbella,4,Critical,,Low,,Serious,"timing of drug administration lacking","No information",,Moderate,,Moderate,,Low,,Critical,
18986,"Chang, Jee-Eun, Min, Seong-Won, Kim, Hyerim, Won, Dongwook, Lee, Jung-Man, Kim, Tae Kyong, Kim, Chanho, Hwang, Jin-Young","Association Between Anesthetics and Postoperative Delirium in Elderly Patients Undergoing Spine Surgery: Propofol Versus Sevoflurane",Madhulika_Agarkar,4,Serious,,Low,,Low,,Low,"Unlikely given patients classified according to type of anesthetic (mg)",Critical,,Low,,Serious,,Critical,
18986,"Chang, Jee-Eun, Min, Seong-Won, Kim, Hyerim, Won, Dongwook, Lee, Jung-Man, Kim, Tae Kyong, Kim, Chanho, Hwang, Jin-Young","Association Between Anesthetics and Postoperative Delirium in Elderly Patients Undergoing Spine Surgery: Propofol Versus Sevoflurane",Stephanie_Ramirez,4,Serious,,Low,,Low,,Low,"Unlikely given patients classified according to type of anesthetic (mg)",Critical,"69% completed final analysis",Low,,Serious,,Critical,
19171,"Harari, D., Hopper, A., Dhesi, J., Babic-Illman, G., Lockwood, L., Martin, F.","Proactive care of older people undergoing surgery ('POPS'): Designing, embedding, evaluating and funding a comprehensive geriatric assessment service for older elective surgical patients",Madhulika_Agarkar,4,Moderate,,Low,,Moderate,,Low,,Low,,Moderate,,Low,,Moderate,
19171,"Harari, D., Hopper, A., Dhesi, J., Babic-Illman, G., Lockwood, L., Martin, F.","Proactive care of older people undergoing surgery ('POPS'): Designing, embedding, evaluating and funding a comprehensive geriatric assessment service for older elective surgical patients",Anne_Marbella,4,Moderate,"before/after study",Low,,Moderate,,Low,,Low,,Moderate,"no details on how delirium measured",Low,,Moderate,
19377,"Paille, M., Senage, T., Roussel, J. C., Manigold, T., Piccoli, M., Chapelet, G., Le Tourneau, T., Karakachoff, M., Berrut, G., de Decker, L., Boureau, A. S.","Association of Preoperative Geriatric Assessment With Length of Stay After Combined Cardiac Surgery",Madhulika_Agarkar,4,Moderate,,Moderate,,Moderate,,Low,,Low,,Critical,"The presence or absence of postoperative delirium was reported in the database without using a screening scale, nor measuring its severity.",Moderate,,Critical,
19377,"Paille, M., Senage, T., Roussel, J. C., Manigold, T., Piccoli, M., Chapelet, G., Le Tourneau, T., Karakachoff, M., Berrut, G., de Decker, L., Boureau, A. S.","Association of Preoperative Geriatric Assessment With Length of Stay After Combined Cardiac Surgery",Anne_Marbella,4,Moderate,"propensity matching",Moderate,,Moderate,,Low,,Low,,Critical,"delirium reported and assessed without using a scale",Moderate,,Critical,
20438,"Ishibashi-Kanno, N., Takaoka, S., Nagai, H., Okubo-Sato, M., Fukuzawa, S., Uchida, F., Yamagata, K., Yanagawa, T., Bukawa, H.","Postoperative delirium after reconstructive surgery for oral tumor: a retrospective clinical study",Madhulika_Agarkar,4,Serious,,Moderate,,Moderate,,"No information",,Low,,Low,,Low,,Serious,
20438,"Ishibashi-Kanno, N., Takaoka, S., Nagai, H., Okubo-Sato, M., Fukuzawa, S., Uchida, F., Yamagata, K., Yanagawa, T., Bukawa, H.","Postoperative delirium after reconstructive surgery for oral tumor: a retrospective clinical study",Anne_Marbella,4,Serious,,Moderate,"ramelteon given to prevent delirium",Moderate,,"No information",,Low,,Low,"psychiatrists diagnosed",Low,,Serious,
20764,"Kadoi, Y., Goto, F.","Sevoflurane anesthesia did not affect postoperative cognitive dysfunction in patients undergoing coronary artery bypass graft surgery",Madhulika_Agarkar,4,Moderate,,Low,,Low,,"No information",,Low,,Low,,Low,,Moderate,
20764,"Kadoi, Y., Goto, F.","Sevoflurane anesthesia did not affect postoperative cognitive dysfunction in patients undergoing coronary artery bypass graft surgery",Anne_Marbella,4,Moderate,"before/after study",Low,,Low,,"No information",,Low,,Low,"trained researchers",Low,,Moderate,
20892,"Memtsoudis, S., Cozowicz, C., Zubizarreta, N., Weinstein, S. M., Liu, J., Kim, D. H., Poultsides, L., Berger, M. M., Mazumdar, M., Poeran, J.",Memtsoudis_gabapentinoids,Anne_Marbella,4,Moderate,,Low,,Moderate,,"No information",,Low,,Moderate,"delirium based on ICD-9 codes of prescribed antipsychotics",Low,,Moderate,
20892,"Memtsoudis, S., Cozowicz, C., Zubizarreta, N., Weinstein, S. M., Liu, J., Kim, D. H., Poultsides, L., Berger, M. M., Mazumdar, M., Poeran, J.",Memtsoudis_gabapentinoids,Stephanie_Ramirez,4,Moderate,"Study notes that according to the a priori established analysis plan, a number of baseline variables were investigated as potential modifiers of outcome.",Low,"Patient data was taken from the nationwide all-payer Premier Healthcare Database.",Moderate,,"No information",,Low,,Moderate,"I am concerned that they used codes for antipsychotics to define delirium.",Low,,Moderate,
20893,"Memtsoudis, S., Cozowicz, C., Zubizarreta, N., Weinstein, S. M., Liu, J., Kim, D. H., Poultsides, L., Berger, M. M., Mazumdar, M., Poeran, J.",Memtsoudis_gabapentinoids_knee,Anne_Marbella,4,Moderate,,Low,,Moderate,,"No information",,Low,,Moderate,"delirium based on ICD-9 codes of prescribed antipsychotics",Low,,Moderate,
20893,"Memtsoudis, S., Cozowicz, C., Zubizarreta, N., Weinstein, S. M., Liu, J., Kim, D. H., Poultsides, L., Berger, M. M., Mazumdar, M., Poeran, J.",Memtsoudis_gabapentinoids_knee,Stephanie_Ramirez,4,Moderate,"Study notes that according to the a priori established analysis plan, a number of baseline variables were investigated as potential modifiers of outcome.",Low,"Patient data was taken from the nationwide all-payer Premier Healthcare Database.",Moderate,,"No information",,Low,,Moderate,"I am concerned that they used codes for antipsychotics to define delirium.",Low,,Moderate,
20894,"Mangusan, R. F., Hooper, V., Denslow, S. A., Travis, L.",Mangusan_ketolorac,Madhulika_Agarkar,4,Moderate,,Low,,Moderate,,"No information",,Low,,Serious,"clinical signs noted by nurses, physicians, or midlevel care providers",Low,,Serious,
20894,"Mangusan, R. F., Hooper, V., Denslow, S. A., Travis, L.",Mangusan_ketolorac,Anne_Marbella,4,Moderate,,Low,,Moderate,,"No information",,Low,,Serious,,Low,,Serious,
20895,"Mangusan, R. F., Hooper, V., Denslow, S. A., Travis, L.",Mangusan_zolpidem,Madhulika_Agarkar,4,Moderate,,Low,,Moderate,,"No information",,Low,,Serious,"clinical signs noted by nurses, physicians, or midlevel care providers",Low,,Serious,
20895,"Mangusan, R. F., Hooper, V., Denslow, S. A., Travis, L.",Mangusan_zolpidem,Anne_Marbella,4,Moderate,,Low,,Moderate,,"No information",,Low,,Serious,,Low,,Serious,
20896,"Ishibashi-Kanno, N., Takaoka, S., Nagai, H., Okubo-Sato, M., Fukuzawa, S., Uchida, F., Yamagata, K., Yanagawa, T., Bukawa, H.",Ishibashi-Kanno_benzodiazepine,Madhulika_Agarkar,4,Serious,,Moderate,,Moderate,,"No information",,Low,,Low,,Low,,Serious,
20896,"Ishibashi-Kanno, N., Takaoka, S., Nagai, H., Okubo-Sato, M., Fukuzawa, S., Uchida, F., Yamagata, K., Yanagawa, T., Bukawa, H.",Ishibashi-Kanno_benzodiazepine,Anne_Marbella,4,Serious,,Moderate,,Moderate,,"No information",,Low,,Low,,Low,,Serious,
20897,"Ishibashi-Kanno, N., Takaoka, S., Nagai, H., Okubo-Sato, M., Fukuzawa, S., Uchida, F., Yamagata, K., Yanagawa, T., Bukawa, H.",Ishibashi-Kanno_H2blockers,Madhulika_Agarkar,4,Serious,,Moderate,,Moderate,,"No information",,Low,,Low,,Low,,Serious,
20897,"Ishibashi-Kanno, N., Takaoka, S., Nagai, H., Okubo-Sato, M., Fukuzawa, S., Uchida, F., Yamagata, K., Yanagawa, T., Bukawa, H.",Ishibashi-Kanno_H2blockers,Anne_Marbella,4,Serious,,Moderate,,Moderate,,"No information",,Low,,Low,,Low,,Serious,
